Learner 1,Learner 2,Learner 3,Learner 4,Learner 5,counter
0.0049183018927007,0.0114743417366087,0.0156129469650768,0.0,0.0105667410031388,1
-0.0024876667324011,0.0072924600215988,0.0083091008751839,-0.0009185631573714,0.0139407742701528,2
-0.0025383256563912,0.0,0.0116699565831777,0.0085976896349015,0.0063933447248658,2
0.0155640309637597,0.0059361933100099,-0.0006298568636937,0.0,-0.000145461348862,3
0.0043062876838928,-0.0013995936208085,0.0118468180088974,0.0,0.0024523046295481,3
0.0,-0.0002928239750896,0.0074148337345343,0.0,0.0093528906848432,3
0.0,0.0067696585242833,0.0083974896247823,0.0,0.0,3
0.0105656806599224,0.0020148983242453,-0.0022730428926728,0.0,0.0033541922491603,3
0.0,0.0005779174737647,0.0022528936084732,0.0,0.0105345200699388,2
0.0,0.0,0.004363701459856,0.0,0.0086266249257979,3
0.0116684074270493,0.0,0.0,0.0,0.0,4
0.0,0.0,0.0069618115422001,0.0,0.0046542577632899,4
-0.0026033770583489,-0.0029837038591491,0.0118135688580797,0.0,0.0051601060827062,3
0.0,-0.0015879313289638,0.0032112862538328,0.0,0.0096670950251969,3
0.0042155983133533,0.0015215281919574,0.0052243841811897,0.0,0.0,2
0.0017889856737527,0.0023335012850239,0.0065128442717573,0.0,0.0001882301911181,2
0.0062451374364915,-0.0011710845130919,0.0035411283380752,0.0,0.0020081554155725,3
0.0094893762841746,0.0,0.0009557423813072,0.0,0.0,4
0.0,0.0027183780076245,0.0,0.0,0.00769021816916,3
0.0041590261758101,0.0,0.0016972720554003,0.0,0.0044209839497694,4
0.0,0.0,0.004972692524021,0.0,0.0046434294542559,4
0.0067072956301282,0.0010152972849837,0.0016010028988254,0.0,0.0,3
0.0,0.0,0.0114073389120474,0.0,-0.002350736559871,4
0.0002332654419153,-0.0002429617344277,0.0062893415244942,0.0,0.002627427040597,3
0.0014296694171327,-0.0001871920498493,0.0091048787566851,0.0,-0.0014548748389283,3
0.0,0.0033079498216873,0.0020952068042801,0.0,0.0032936116755114,3
0.0007289684414973,0.0,0.00654224007161,0.0,0.0014152094265893,3
0.0,0.0,0.0085636553349727,0.0,0.0,4
-0.0035391668685497,-0.003385129436542,0.0040996584245012,0.0093781401508862,0.0019645596339045,3
0.0084924884675155,0.0,0.0,0.0,0.0,4
0.0,0.0036494720199815,0.0012477363098869,0.0,0.0028340074806453,4
-8.929837719229284e-06,0.0026448910788576,0.004684931902672,0.0,0.0003553968630734,3
0.001464988612643,0.0053254705721617,0.0029451822581259,0.0,-0.002124303490566,2
0.0,0.0075949400678264,0.0,0.0,0.0,4
0.0008988725061273,0.0008223895222194,0.0006337195439488,0.0,0.0051621879253024,2
0.0079541704194208,0.0,-0.0004950121637613,0.0,0.0,4
0.0,0.0,0.0040935330113128,0.0,0.0031233046997316,4
0.0,0.0,0.0020214086340721,0.0,0.0050189871677936,3
0.0,0.0089730239064416,-0.001939641949886,0.0,0.0,4
0.0019627368809167,0.0,0.0037388888981657,0.0,0.0012490169916305,3
0.0,0.0,0.002015581191247,0.0,0.004675243948803,5
0.0,0.0039234090692539,-0.0025544183505976,0.0,0.005049092849637,3
0.0,0.0061683404375477,0.0,0.0,0.0,4
0.0,0.0060147801155248,0.0,0.0,0.0,4
0.0,0.0012564169461735,0.0033655628463703,0.0,0.0013737873046397,3
0.0054356289100629,0.0,0.0,0.0,0.0005446994281015,4
0.0,0.0,0.0037959118596117,0.0,0.0021652603001711,4
0.0,0.0032379429508639,0.0026192172310665,0.0,0.0,3
0.0,0.0076194833413432,0.0,0.0,-0.0018296832514702,4
0.0031194179385278,0.0046425447149675,-0.003311622044404,0.0,0.0013134323701548,3
0.0,0.0,0.0057196540935249,0.0,0.0,4
0.0,-0.0037820562327646,0.0037589338547443,0.0,0.0057069794962956,3
0.0,0.0,0.0021477840795475,0.0,0.0033194932800945,4
0.0,0.0,0.0053736676646393,0.0,8.094347563027959e-05,4
0.0,0.0,0.0053904156645091,0.0,0.0,4
0.0,0.0,0.0039620760088516,0.0,0.0012673810027153,4
0.0067370751747183,0.0,-0.0047364780238108,0.0,0.0032157003916756,4
0.0,0.0024241948745431,0.0004185947511345,0.0,0.0023183449007774,4
0.0,0.0051432098397145,0.0,0.0,0.0,4
0.0019819291064806,0.0,0.0025369769100852,0.0,0.0004270564521673,3
0.0059475141157446,0.0,0.0003570820420342,0.0,-0.0013610116700049,4
0.0,0.0,0.0,0.0,0.0047592205193518,4
0.0,0.0034004503944817,0.0013151790284844,0.0,0.0,4
0.0,0.0,0.0,0.0,0.0045903489480429,5
-0.0061878831671249,-0.0019105213214851,0.0107521693692156,-0.0001612695306247,0.0020528305647337,4
0.0,0.0,0.0007302863200704,0.0,0.0037756784960138,5
0.0,0.0032084357736694,0.0011636003536753,0.0,0.0,4
0.0,0.0,0.0,0.0,0.0043379506528478,5
0.0,0.0,-0.0002479831073282,0.0,0.0043073323330817,5
-0.004209118399532,0.0027833961615666,0.0054304744141407,0.0,5.193068802287204e-05,3
0.0,0.0,0.0040438590836696,0.0,0.0,4
0.0,0.0,-0.0002870311825516,0.0,0.0042013356624717,5
0.0,0.0028231574137882,0.0,0.0,0.0010857792124134,4
0.0,0.0,0.0039082096537388,0.0,0.0,4
0.0,0.0,0.0038898214716638,0.0,0.0,4
0.0,0.0056950706783268,-0.0042269085711256,0.0,0.0024196903440771,4
0.0,0.0,0.000525884999982,0.0,0.0033582103862861,5
0.0,0.007665452841749,-0.0020744108383797,0.0,-0.0017314707390241,4
0.0,0.0,0.0,0.0,0.0038278738740553,5
0.0,0.0014298034271226,0.0006257155043262,0.0,0.0017664999171918,4
0.0,0.0,0.0,0.0,0.0038030493624258,5
0.0,0.0,-2.807194258251933e-05,0.0,0.0038025062537266,5
0.0,0.0027136099105978,-0.0007610841178406,0.0,0.0016344132051073,4
-0.0045777702424268,0.0,0.0054074110145991,0.0,0.0026811125528659,4
0.0030236351821938,0.0,0.0,0.0,0.0004297360607286,4
-0.0010649016422052,0.000111155042768,0.0005490843330237,0.0,0.0038341632255148,4
0.0,-0.0012394983050606,0.0026084191385143,0.0,0.0020312953002545,4
0.0,0.0,0.0033871806836491,0.0,0.0,4
0.0,0.0,0.0,0.0,0.0033501075830474,5
0.0,0.0,0.0031791962124275,0.0,0.0,4
0.0,0.0,0.0,0.0,0.0031777856109031,5
0.0,0.0,0.0031588891622702,0.0,0.0,4
0.0,0.0,0.0,0.0,0.0030973153754211,5
0.0,0.0030564871996389,0.0,0.0,0.0,4
0.0,-0.0027643044071472,0.0022594706803545,0.0,0.0035371754380258,4
0.0,0.0,0.0030080960918195,0.0,0.0,4
0.0004262634613602,0.0025566572513963,0.0,0.0,0.0,3
0.0029521629588366,0.0,0.0,0.0,0.0,4
0.0,0.0,-0.0003043767364903,0.0,0.0032445468782414,5
0.0,0.0,0.0028870971528587,0.0,0.0,4
0.0,0.0,0.0022441423608811,0.0,0.0004881587679992,4
0.0,0.0,0.0007129793075264,0.0,0.0020153818741288,5
0.0,0.0,0.0027094167057131,0.0,0.0,4
0.0,0.0,0.0026836968999825,0.0,0.0,4
0.0025797164085973,-0.0014156787734664,0.0015189801485584,0.0,0.0,4
0.0,0.002569466469196,0.0,0.0,0.0,4
0.0,0.0,0.0024589732555237,0.0,0.0,4
0.0,0.0,0.0,0.0,0.0024510381186541,5
0.0,0.0,0.0,0.0,0.0024203496658486,5
0.0,-0.0023342868288936,0.001530929278894,0.0,0.0031823235106994,5
0.0,0.0,0.0023675781719922,0.0,0.0,4
0.0,0.0050626155751664,-0.0039977723403761,0.0,0.001267633718118,4
0.0,0.0,0.0022769926045403,0.0,0.0,4
0.0,0.0,0.0,0.0,0.0022730383354462,5
0.0,0.0,0.002269180927675,0.0,0.0,4
0.0,0.0021449118808044,0.0012286223007707,0.0,-0.0011598417222893,4
0.0,0.0,0.0,0.0,0.0021058153101015,5
0.0,0.0,0.002078411264908,0.0,0.0,4
0.0,0.0,0.0020632454767325,0.0,0.0,4
0.0,-0.0022999258245854,0.0043639633538877,0.0,-1.7574747754167675e-05,4
0.0,0.0,0.0003769538365921,0.0,0.0016441310924013,5
0.0,0.0,0.0,0.0,0.0019734541667977,5
0.0,0.0,0.001902215069001,0.0,6.414098843661175e-05,5
0.0,0.0,0.0,0.0,0.0018852335792163,5
0.0,0.0,0.0018527096718259,0.0,0.0,5
0.0,0.0,0.0,0.0,0.0018328660292779,5
0.0,0.0,0.0046328042136861,0.0,-0.0028990339472475,4
0.0,0.0,0.00267654005672,0.0,-0.0009432192440608,4
0.0,0.0,0.0006545043077217,0.0,0.0010422167357317,5
0.0,0.0,0.0012599553495451,0.0,0.0004164682880814,5
0.0,0.0,0.0016737335312604,0.0,0.0,5
0.0014980744459657,-0.0006873340939377,0.0016026285809157,0.0,-0.0007518044962572,4
0.0,0.0,0.0010547943770172,0.0,0.0005369278792158,5
-0.0001628961035925,0.0018408070107481,0.0030051940793146,0.0,-0.0031117984155361,3
0.0,0.0,0.0015691177480032,0.0,-3.255687766889892e-06,5
0.0010165622709728,0.0026457936813919,-0.0020981332644371,0.0,0.0,3
0.0,0.0,0.0015605581217079,0.0,0.0,5
0.0,0.0,0.0,0.0,0.0015023919272009,5
0.0,0.0,0.0,0.0,0.0014299515003343,5
0.0,0.0,0.001414463721361,0.0,0.0,5
0.0009304190330877,-0.0062523356576365,0.0002808884462579,0.0079488724531617,-0.0015193468186601,3
0.0,0.0,0.0013379916711973,0.0,0.0,5
0.0,0.0,0.0017788945479345,0.0,-0.0004595668313644,5
0.0,0.0012768547815066,0.0,0.0,0.0,4
0.0020123141738151,0.0005220631857893,-0.0019431398936686,0.0,0.0006083495854069,3
-0.0009270673210806,-0.0004653329726115,0.0025750119810733,0.0,0.0,4
0.0,0.0,0.0011814545933751,0.0,0.0,5
0.0,0.0,0.0005961044106977,0.0,0.0005779694014571,5
0.0,0.0,0.0011721431195327,0.0,0.0,5
0.0,0.0,0.0032364434527745,0.0,-0.0020713221189319,4
0.002152070073543,0.0,-0.0010543081665348,0.0,4.055514055893994e-05,4
0.0,-0.0004291757065647,-0.0008941370734152,0.0,0.0024423912555066,5
0.0,0.0012468155834879,-0.0003249125649326,0.0,7.744946722660906e-05,4
0.0,0.0009670942267082,0.0,0.0,0.0,4
0.0,0.0,0.0009273689802639,0.0,0.0,5
0.0034966757673987,-0.0026847521162757,0.0004891786439098,0.0,-0.0004062817815967,4
0.0,0.0008702487035417,0.0,0.0,0.0,4
0.0012849774746094,0.0,0.0003983877359191,0.0,-0.0008214510343925,4
0.0040113655000077,-0.0037557931790352,-0.0034725163190816,0.0,0.0040627288774817,4
0.0011154327434246,0.000351222699119,-0.0006214633858428,0.0,0.0,3
-0.0020657353170028,0.0,0.0022438044734992,0.0,0.0006654111335121,4
-0.0015368958609132,-6.156943020005912e-05,0.0010382188576512,0.0,0.0013059080417729,5
0.0,0.0,-0.0004165093394246,0.0,0.0011407277332589,5
0.0,0.0,-0.0003625158013774,0.0,0.0010765051721691,5
-0.0014310587914609,0.0,0.0016551829211262,0.0,0.0004464316657632,5
0.0,0.0,0.0006409203509033,0.0,0.0,5
0.0,0.0,0.000595334936562,0.0,0.0,5
0.0,0.0,0.0005839656209638,0.0,0.0,5
0.0,0.0005662474453271,0.0,0.0,0.0,4
0.0,0.0,0.0005540421980232,0.0,0.0,5
0.0,0.0,0.0002549603153311,0.0,0.0002742623606877,5
0.0,0.0,0.0006240263113844,0.0,-0.0001037546364631,5
0.0,0.0003273932138611,0.0040635906370457,0.0,-0.0038833414513835,3
0.0,0.0,0.0,0.0,0.0005052959935477,5
0.0,0.0,0.0,0.0,0.0005037925337616,5
0.0,0.0,0.000262819473542,0.0,0.0002186952704579,5
0.0,0.0031659630596461,0.0010799167081454,0.0,-0.0037923306783874,4
0.0,0.0026799375653138,-0.0034736133364248,0.0,0.0012122974035095,4
0.0,0.0,-0.002457662533455,0.0,0.0028725997812241,5
0.0,0.0,0.0,0.0,0.0003798161311836,5
0.0,0.0,0.0,0.0,0.0003789487796714,5
0.0,0.0,0.0003549430338016,0.0,0.0,5
0.0,0.0003307996548483,0.0,0.0,0.0,4
0.0011591105431782,0.002634807702043,-0.003464492558212,0.0,0.0,3
0.0,0.0037874140891917,-0.0059092421508126,0.0,0.0024452006979586,4
0.0,0.0,-0.0007385389610067,0.0,0.0010418900493092,5
0.0,0.0,0.0,0.0,0.0002794733844788,5
-0.0005456220883203,0.0,0.0,0.0,0.0007347073342749,5
0.0,0.0,0.0001743863503546,0.0,0.0,5
0.0,0.0,0.0001569985882813,0.0,0.0,5
0.004803355294964,0.0022121255049092,-0.0068609506383034,0.0,0.0,3
0.0,0.0,-0.001976230302083,0.0,0.0021012221188448,5
0.0,0.0,0.0001094121093233,0.0,0.0,5
0.0,0.0,0.0,0.0,7.11340393855897e-05,5
0.0,0.0,0.0,0.0,0.0,5
0.0,0.0,0.0,0.0,0.0,5
0.0,0.0,0.0,0.0,0.0,5
0.0,0.0,0.0,0.0,0.0,5
0.0,0.0,0.0,0.0,0.0,5
0.0,0.0,0.0,0.0,0.0,5
0.0,0.0,0.0,0.0,0.0,5
0.0,0.0,0.0,0.0,0.0,5
0.0,0.0,0.0,0.0,0.0,5
0.0,0.0,0.0,0.0,0.0,5
0.0,0.0,0.0,0.0,0.0,5
0.0,0.0,0.0,0.0,0.0,5
0.0,0.0,0.0,0.0,0.0,5
0.0,0.0,0.0,0.0,0.0,5
0.0,0.0,0.0,0.0,0.0,5
0.0,0.0,0.0,0.0,0.0,5
0.0,0.0,0.0,0.0,0.0,5
0.0,0.0,0.0,0.0,0.0,5
0.0,0.0,0.0,0.0,0.0,5
0.0,0.0,0.0,0.0,0.0,5
0.0,0.0,0.0,0.0,0.0,5
0.0,0.0,0.0,0.0,0.0,5
0.0,0.0,0.0,0.0,0.0,5
0.0,0.0,0.0,0.0,0.0,5
0.0,0.0,0.0,0.0,0.0,5
0.0,0.0,0.0,0.0,0.0,5
0.0,0.0,0.0,0.0,0.0,5
0.0,0.0,0.0,0.0,0.0,5
0.0,0.0,0.0,0.0,0.0,5
0.0,0.0,0.0,0.0,0.0,5
0.0,0.0,0.0,0.0,0.0,5
0.0,0.0,0.0,0.0,0.0,5
0.0,0.0,0.0,0.0,0.0,5
0.0,0.0,0.0,0.0,0.0,5
0.0,0.0,0.0,0.0,0.0,5
0.0,0.0,0.0,0.0,0.0,5
0.0,0.0,0.0,0.0,0.0,5
0.0,0.0,0.0,0.0,0.0,5
0.0,0.0,0.0,0.0,0.0,5
0.0,0.0,0.0,0.0,0.0,5
0.0,0.0,0.0,0.0,0.0,5
0.0,0.0,0.0,0.0,0.0,5
0.0,0.0,0.0,0.0,0.0,5
0.0,0.0,0.0,0.0,0.0,5
0.0,0.0,0.0,0.0,0.0,5
0.0,0.0,0.0,0.0,0.0,5
0.0,0.0,0.0,0.0,0.0,5
0.0,0.0,0.0,0.0,0.0,5
0.0,0.0,0.0,0.0,0.0,5
0.0,0.0,0.0,0.0,0.0,5
0.0,0.0,0.0,0.0,0.0,5
0.0,0.0,0.0,0.0,0.0,5
0.0,0.0,0.0,0.0,0.0,5
0.0,0.0,0.0,0.0,0.0,5
0.0,0.0,0.0,0.0,0.0,5
0.0,0.0,0.0,0.0,0.0,5
0.0,0.0,0.0,0.0,0.0,5
0.0,0.0,0.0,0.0,0.0,5
0.0,0.0,0.0,0.0,0.0,5
0.0,0.0,0.0,0.0,0.0,5
0.0,0.0,0.0,0.0,0.0,5
0.0,0.0,0.0,0.0,0.0,5
0.0,0.0,0.0,0.0,0.0,5
0.0,0.0,0.0,0.0,0.0,5
0.0,0.0,0.0,0.0,0.0,5
0.0,0.0,0.0,0.0,0.0,5
0.0,0.0,0.0,0.0,0.0,5
0.0,0.0,0.0,0.0,0.0,5
0.0,0.0,0.0,0.0,0.0,5
0.0,0.0,0.0,0.0,0.0,5
0.0,0.0,0.0,0.0,0.0,5
0.0,0.0,0.0,0.0,0.0,5
0.0,0.0,0.0,0.0,0.0,5
0.0,0.0,0.0,0.0,0.0,5
0.0,0.0,0.0,0.0,0.0,5
0.0,0.0,0.0,0.0,0.0,5
0.0,0.0,0.0,0.0,0.0,5
0.0,0.0,0.0,0.0,0.0,5
0.0,0.0,0.0,0.0,0.0,5
0.0,0.0,0.0,0.0,0.0,5
0.0,0.0,0.0,0.0,0.0,5
0.0,0.0,0.0,0.0,0.0,5
0.0,0.0,0.0,0.0,0.0,5
0.0,0.0,0.0,0.0,0.0,5
0.0,0.0,0.0,0.0,0.0,5
0.0,0.0,0.0,0.0,0.0,5
0.0,0.0,0.0,0.0,0.0,5
0.0,0.0,0.0,0.0,0.0,5
0.0,0.0,0.0,0.0,0.0,5
0.0,0.0,0.0,0.0,0.0,5
0.0,0.0,0.0,0.0,0.0,5
0.0,0.0,0.0,0.0,0.0,5
0.0,0.0,0.0,0.0,0.0,5
0.0,0.0,0.0,0.0,0.0,5
0.0,0.0,0.0,0.0,0.0,5
0.0,0.0,0.0,0.0,0.0,5
0.0,0.0,0.0,0.0,0.0,5
0.0,0.0,0.0,0.0,0.0,5
0.0,0.0,0.0,0.0,0.0,5
0.0,0.0,0.0,0.0,0.0,5
0.0,0.0,0.0,0.0,0.0,5
0.0,0.0,0.0,0.0,0.0,5
0.0,0.0,0.0,0.0,0.0,5
0.0,0.0,0.0,0.0,0.0,5
0.0,0.0,0.0,0.0,0.0,5
0.0,0.0,0.0,0.0,0.0,5
0.0,0.0,0.0,0.0,0.0,5
0.0,0.0,0.0,0.0,0.0,5
0.0,0.0,0.0,0.0,0.0,5
0.0,0.0,0.0,0.0,0.0,5
0.0,0.0,0.0,0.0,0.0,5
0.0,0.0,0.0,0.0,0.0,5
0.0,0.0,0.0,0.0,0.0,5
0.0,0.0,0.0,0.0,0.0,5
0.0,0.0,0.0,0.0,0.0,5
0.0,0.0,0.0,0.0,0.0,5
0.0,0.0,0.0,0.0,0.0,5
0.0,0.0,0.0,0.0,0.0,5
0.0,0.0,0.0,0.0,0.0,5
0.0,0.0,0.0,0.0,0.0,5
0.0,0.0,0.0,0.0,0.0,5
0.0,0.0,0.0,0.0,0.0,5
0.0,0.0,0.0,0.0,0.0,5
0.0,0.0,0.0,0.0,0.0,5
0.0,0.0,0.0,0.0,0.0,5
0.0,0.0,0.0,0.0,0.0,5
0.0,0.0,0.0,0.0,0.0,5
0.0,0.0,0.0,0.0,0.0,5
0.0,0.0,0.0,0.0,0.0,5
0.0,0.0,0.0,0.0,0.0,5
0.0,0.0,0.0,0.0,0.0,5
0.0,0.0,0.0,0.0,0.0,5
0.0,0.0,0.0,0.0,0.0,5
0.0,0.0,0.0,0.0,0.0,5
0.0,0.0,0.0,0.0,0.0,5
0.0,0.0,0.0,0.0,0.0,5
0.0,0.0,0.0,0.0,0.0,5
0.0,0.0,0.0,0.0,0.0,5
0.0,0.0,0.0,0.0,0.0,5
0.0,0.0,0.0,0.0,0.0,5
0.0,0.0,0.0,0.0,0.0,5
0.0,0.0,0.0,0.0,0.0,5
0.0,0.0,0.0,0.0,0.0,5
0.0,0.0,0.0,0.0,0.0,5
0.0,0.0,0.0,0.0,0.0,5
0.0,0.0,0.0,0.0,0.0,5
0.0,0.0,0.0,0.0,0.0,5
0.0,0.0,0.0,0.0,0.0,5
0.0,0.0,0.0,0.0,0.0,5
0.0,0.0,0.0,0.0,0.0,5
0.0,0.0,0.0,0.0,0.0,5
0.0,0.0,0.0,0.0,0.0,5
0.0,0.0,0.0,0.0,0.0,5
0.0,0.0,0.0,0.0,0.0,5
0.0,0.0,0.0,0.0,0.0,5
0.0,0.0,0.0,0.0,0.0,5
0.0,0.0,0.0,0.0,0.0,5
0.0,0.0,0.0,0.0,0.0,5
0.0,0.0,0.0,0.0,0.0,5
0.0,0.0,0.0,0.0,0.0,5
0.0,0.0,0.0,0.0,0.0,5
0.0,0.0,0.0,0.0,0.0,5
0.0,0.0,0.0,0.0,0.0,5
0.0,0.0,0.0,0.0,0.0,5
0.0,0.0,0.0,0.0,0.0,5
0.0,0.0,0.0,0.0,0.0,5
0.0,0.0,0.0,0.0,0.0,5
0.0,0.0,0.0,0.0,0.0,5
0.0,0.0,0.0,0.0,0.0,5
0.0,0.0,0.0,0.0,0.0,5
0.0,0.0,0.0,0.0,0.0,5
0.0,0.0,0.0,0.0,0.0,5
0.0,0.0,0.0,0.0,0.0,5
0.0,0.0,0.0,0.0,0.0,5
0.0,0.0,0.0,0.0,0.0,5
0.0,0.0,0.0,0.0,0.0,5
0.0,0.0,0.0,0.0,0.0,5
0.0,0.0,0.0,0.0,0.0,5
0.0,0.0,0.0,0.0,0.0,5
0.0,0.0,0.0,0.0,0.0,5
0.0,0.0,0.0,0.0,0.0,5
0.0,0.0,-5.494824895919681e-05,0.0,0.0,5
0.0,0.0,-8.499186037365103e-05,0.0,0.0,5
0.0,0.0,-0.0011859190998652,0.0,0.0010860018708223,5
0.0,0.0,-0.0001175144934369,0.0,0.0,5
0.0,0.0,0.0,0.0,-0.0001660069983121,5
0.0,0.0,0.0,0.0,-0.0001713077492166,5
0.0,0.0,0.0,0.0,-0.0001727638103738,5
0.0,-0.0002327172293615,0.0,0.0,0.0,5
0.0,0.0,0.0003316613023619,0.0,-0.0005679908107672,5
0.0,0.0,-0.0002873010382055,0.0,0.0,5
0.0,0.0,-0.0003376150118272,0.0,0.0,5
0.0,0.0,-0.001751793679264,0.0,0.0012566678889025,5
0.0,0.0,0.0,0.0,-0.0005067917146734,5
0.0,0.0,-0.0005163528152778,0.0,0.0,5
0.0,0.0,-0.0005271579682156,0.0,0.0,5
0.0,0.0016121808979928,0.0,0.0,-0.0021483406045126,4
0.0,0.0,-0.0005684624301336,0.0,0.0,5
-0.0007325658789631,0.0,0.0001373623511184,0.0,0.0,5
0.0,0.0009541604929462,-0.0026196702063038,0.0,0.0010661813907306,4
0.0,0.0,-0.0001066952709821,0.0,-0.0005376183680217,5
0.0,0.0,-0.0006470907552304,0.0,0.0,5
0.0,0.0,0.0,0.0,-0.0006482239192343,5
-0.0024716330577159,0.0,0.0018001752012158,0.0,0.0,5
0.0,0.0,-0.0006772204359722,0.0,0.0,5
0.0,0.0,-0.0006817562100764,0.0,0.0,5
0.0,0.0,-0.0006823340782498,0.0,0.0,5
0.0,0.0,0.0,0.0,-0.0006963380094126,5
0.0,0.0,-0.0007103370703894,0.0,0.0,5
0.0,-0.0034961474397227,0.0042685082355092,0.0,-0.0015103951445365,4
0.0,0.0,-0.0012597465551578,0.0,0.0005104454051857,5
0.0,0.0,0.0,0.0,-0.0008146749303387,5
0.0032619778252384,-0.0016538072806367,-0.0032506647315111,0.0,0.0005564981576363,4
0.0,0.0,-0.0010938789085656,0.0,0.0,5
0.0,0.0,0.0,0.0,-0.0011164655710257,5
0.0,0.0,-0.0004946748797848,0.0,-0.0006310444101614,5
0.0,0.0,-0.0023366800437827,0.0,0.0011883833035084,5
0.0,0.0,-0.0010189172634178,0.0,-0.0001478990294881,5
0.0,0.0,-0.0005508950233152,0.0,-0.0006330449770091,5
0.0,0.0,0.0,0.0,-0.0012185492106911,5
0.0,0.0,0.0,0.0,-0.0013558987770139,5
0.0063569296529506,-0.0077320135386714,0.0,0.0,0.0,4
0.0,-0.0013764950286742,0.0,0.0,0.0,5
-0.0052700952717842,0.0057420704299547,-0.0062027420053454,0.0,0.0043423374429741,4
0.0,0.0,0.0,0.0,-0.0013946216192505,5
0.0,0.0,0.0,0.0,-0.0014185624093328,5
-0.0023871777479821,0.0,0.0009449389394653,0.0,0.0,5
0.0,0.0,0.0,0.0,-0.0014472356987001,5
0.0,0.0,-0.0014573378737306,0.0,0.0,5
0.0,0.0,-0.0014716829320371,0.0,0.0,5
0.0,0.0,0.0012359692215257,0.0,-0.0027954616777691,5
0.0,0.0,-0.001165615085876,0.0,-0.0004123719682279,5
0.0,0.0,-0.0015834148826426,0.0,0.0,5
0.0,0.0,0.0004590675671475,0.0,-0.0020837173180131,5
0.0,0.0003276652233113,0.0,0.0,-0.0019601485149262,4
0.0,0.0,-0.0016469516583856,0.0,0.0,5
0.0,0.0,-0.0006190324539117,0.0,-0.0010591866039269,5
0.0,6.676300177654859e-06,-0.0017003678117588,0.0,0.0,4
-0.0032002716876223,0.0,0.0008716371726132,0.0,0.0005910990433357,5
0.0,0.0,0.001265274337803,0.0,-0.0030201707392522,5
0.0,0.0,-0.0012110585044028,0.0,-0.0005725596362209,5
0.0,0.0,-0.0025864072843224,0.0,0.0007932361570087,5
0.0,0.0002038824350772,-0.0020267363063326,0.0,0.0,4
0.0,0.0,-0.0018886689070452,0.0,0.0,5
-0.0019355474080895,0.0,0.0,0.0,0.0,5
0.0,0.0,-0.002045318857912,0.0,0.0,5
0.0,0.0,-0.0020624302200496,0.0,0.0,5
-0.0021540748910053,-0.0006363747372075,-0.0023431410061488,0.0,0.0030156537016274,5
0.0,0.0,-0.0036852236413846,0.0,0.0015637579533901,5
0.0,0.0,0.0,0.0,-0.0021383817739793,5
0.0,0.0,-0.0009319426022223,0.0,-0.0012815353836377,5
0.0,0.0,-0.0022497983042302,0.0,0.0,5
-0.001262389830997,0.0,-0.0011246790689333,0.0,0.0,5
0.0,0.0,-0.0023960634642337,0.0,0.0,5
0.0,0.0,0.0,0.0,-0.0024600321124045,5
0.0,0.0,-0.0024920788988604,0.0,0.0,5
0.0,0.0,-0.0025214120161106,0.0,0.0,5
0.0,0.0,-0.0025685520810664,0.0,0.0,5
-0.0005426159058508,0.0,0.0,0.0,-0.0020324831083982,5
0.0,0.0,-0.0025854218111081,0.0,0.0,5
0.0,0.0,-0.0025967987378284,0.0,0.0,5
0.0,0.0,-0.0003879632645705,0.0,-0.0022217389970594,5
0.0,-0.0027019507002586,0.0,0.0,0.0,5
-0.0023333342245327,0.0,0.0,0.0,-0.0005254203091346,5
0.0,0.0,-0.0028925936402114,0.0,0.0,5
0.0,-6.498454685006649e-05,-5.791316224181831e-05,0.0,-0.0028484528818048,5
0.0,0.0,-0.00089511391235,0.0,-0.0021064750698887,5
-0.0016731009605157,0.0,-0.0013628384864531,0.0,0.0,5
0.0,0.0,0.0011288628935352,0.0,-0.0041897332124906,5
-0.0037777087453742,0.0,0.0,0.0,0.0007001054299258,5
0.0,0.0,0.0,0.0,-0.0031773404820419,5
0.0,0.0,-0.0032333359077182,0.0,0.0,5
0.0,0.0,0.0,0.0,-0.0032502700947259,5
0.0,0.0,0.0,0.0,-0.0033266489245535,5
0.0,-0.0033354038218781,0.0,0.0,0.0,5
0.0,0.0,-0.0026878125389674,0.0,-0.0006664989634252,5
0.0,-0.0034456424166832,0.0,0.0,0.0,5
0.0,0.0,-0.0035519264080697,0.0,0.0,5
0.0,0.0,-0.0012543862606289,0.0,-0.0024330631857282,5
-0.0026763758851474,0.0,-0.0030454426681671,0.0,0.0020028499032195,5
-0.0039931521139364,-0.0009926557096749,-0.002036455223374,0.0,0.0032241729828387,5
0.0,0.0,0.0,0.0,-0.003906701656991,5
0.0,-0.0030129424367965,-0.0005033033214374,-0.0004080208820286,0.0,5
0.0,0.0,0.0,-0.0055951242528465,0.0016405673211566,5
-0.0003111889217698,0.0,-0.0036090185186163,0.0,-0.0001125180796523,5
-0.0039084719140259,0.0,-0.000134615883691,0.0,0.0,5
-0.0037892553789448,0.0,0.0059241173607306,0.0,-0.0062075306133626,4
0.0,0.0002189213187045,-0.0022790174176324,0.0,-0.0020214279455319,4
0.0,-0.0013611951107713,-0.0024920038365523,0.0,-0.0003272829517677,5
0.0,0.0040354561999598,-0.0050784838248038,0.0,-0.0032089977042705,4
0.0,0.0,-0.004370860681279,0.0,0.0,5
0.0,0.0,-0.004850113988692,0.0,0.0004425207086979,5
0.0,0.0027362043563926,-0.0036028525691632,0.0,-0.0036316899728971,4
-0.0046231945108696,0.0,0.0,0.0,0.0,5
0.0,0.0,0.0010198804815004,0.0,-0.005765842906096,5
0.0009105150164073,0.0033442955727632,-0.0060536026281698,0.0,-0.0029856786552804,3
0.0,0.0,0.0,0.0,-0.0048015451947757,5
0.0,-0.0036959558611889,0.0011332217246884,0.0,-0.0022441710707742,5
0.0,0.0,0.0,0.0,-0.0051237550485501,5
0.0,-0.0051579464744024,0.0,0.0,0.0,5
0.0,0.0,-0.0052335186817452,0.0,0.0,5
0.0,0.0,-0.005279375491554,0.0,0.0,5
0.0,0.0,0.0,0.0,-0.0052821232566275,5
0.0,0.0,0.0,0.0,-0.0053457170661865,5
0.0,0.0,-0.0038588539089146,0.0,-0.0014875427170684,5
-0.0055626389071876,0.0,0.0001766361343743,0.0,0.0,5
0.0,0.0,-0.0036503175714317,0.0,-0.0017797064172855,5
0.0,0.0,-0.0055657380794701,0.0,0.0,5
0.0,-0.005602668389332,0.0,0.0,0.0,5
0.0,0.0001356079819361,-0.0033658619347173,0.0,-0.002751839828408,4
0.0,0.0,-0.0064495840355572,0.0,0.0,5
0.0,0.0028158498598396,-0.0084010420140754,0.0,-0.0009059380697263,4
0.0,0.0,-0.003930958210058,0.0,-0.0027106999281106,5
0.0,-0.0050007200889222,-0.0021282437864164,0.0,0.0,5
0.0,0.0,0.0,0.0,-0.007236194486732,5
-0.0017892129838954,0.0,-0.0057734749218641,0.0,0.0,5
0.0,0.0009717661846627,-0.0034862748185483,0.0,-0.0053909717954315,4
0.0,0.0,0.0,0.0,-0.0080173715642341,5
-0.0019783827562436,-0.0001477286800129,-0.0064368567999504,0.0,0.0,5
0.0014191627926665,-0.0088458022153609,-0.0026470301757036,0.0,0.0014183876458989,4
0.0,0.0,-0.0063843771854168,0.0,-0.0025474285987943,5
0.0,0.0016758706394917,-0.0111209700839655,0.0,0.0,4
-0.0010642645645104,-0.0067837590486012,0.002362084622087,-0.0061779290892294,0.0020317490799113,4
0.0,0.0,-0.0046573187378391,0.0,-0.0062833183339605,5
-0.0002224657075824,0.0014145967229193,-0.0110809268418502,0.0,-0.0014393684469408,4
-0.0074147791449419,0.0,-0.0010456736213034,0.0,-0.0031946022658609,5
-0.0014455881306735,-0.0073975714659163,-0.0024032578936633,0.0,-0.0022940701364888,5
-0.000466663067091,-0.0091602484479327,-0.0106656470326762,0.0,-0.0037155936691377,5
